{
  "analysis_date": "2026-01-22 08:35:49",
  "n_folds": 3,
  "best_method": {
    "name": "ipwr",
    "K": 40,
    "TopN": 25,
    "alpha": 1.0,
    "rmse_mean": 0.9714214882378832,
    "rmse_std": 0.006450362726046,
    "rmse_cv_percent": 0.6640127693434882,
    "confidence_interval_95": [
      0.9641222156716266,
      0.9787207608041398
    ]
  },
  "most_stable_method": {
    "name": "jmsd",
    "rmse_mean": 1.0063987869049764,
    "cv_percent": 0.4889352574745041
  }
}